GEOID_TRACT_20,GEOID_TRACT_10
13001950100,13001950100
13001950201,13001950200
13001950202,13001950200
13001950301,13001950300
13001950302,13001950300
13001950400,13001950400
13001950500,13001950500
13003960100,13003960100
13003960200,13003960200
13003960200,13003960300
13003960300,13003960300
13005970100,13005970100
13005970201,13005970201
13005970202,13005970202
13007960100,13007960100
13007960200,13007960100
13007960200,13007960200
13009970101,13009970100
13009970102,13009970100
13009970102,13009970200
13009970102,13141480300
13009970201,13009970100
13009970201,13009970200
13009970202,13009970200
13009970301,13009970300
13009970302,13009970300
13009970302,13009970400
13009970400,13009970400
13009970400,13009970500
13009970501,13009970500
13009970502,13009970500
13009970600,13009970600
13009970701,13009970701
13009970702,13009970702
13009970801,13009970800
13009970802,13009970800
13011970100,13011970100
13011970100,13119890200
13011970100,13137000601
13011970100,13257970400
13011970200,13011970200
13011970300,13011970300
13011970300,13139000101
13011970300,13139000102
13011970300,13157010300
13011970400,13011970400
13011970400,13195020100
13013180103,13013180103
13013180103,13013180105
13013180104,13013180104
13013180104,13013180106
13013180104,13013180107
13013180104,13013180108
13013180105,13013180103
13013180105,13013180105
13013180105,13013180106
13013180105,13013180107
13013180106,13013180106
13013180106,13013180107
13013180107,13013180107
13013180108,13013180104
13013180108,13013180107
13013180108,13013180108
13013180203,13013180203
13013180204,13013180204
13013180205,13013180107
13013180205,13013180205
13013180206,13013180206
13013180301,13013180301
13013180302,13013180302
13013180303,13013180303
13013180401,13013180401
13013180402,13013180401
13013180402,13013180402
13013180501,13013180501
13013180502,13013180204
13013180502,13013180502
13013180503,13013180502
13013180503,13013180503
13015960101,13015960101
13015960101,13015960102
13015960103,13015960102
13015960103,13015960402
13015960104,13015960102
13015960104,13015960402
13015960105,13015960102
13015960105,13015960402
13015960201,13015960200
13015960201,13015960300
13015960202,13015960200
13015960203,13015960200
13015960203,13015960300
13015960301,13015960200
13015960301,13015960300
13015960302,13015960300
13015960403,13015960401
13015960404,13015960401
13015960405,13015960401
13015960405,13015960402
13015960406,13015960402
13015960407,13015960402
13015960501,13015960500
13015960502,13015960500
13015960601,13015960600
13015960602,13015960500
13015960602,13015960600
13015960701,13015960500
13015960701,13015960600
13015960701,13015960700
13015960702,13015960600
13015960702,13015960700
13015960801,13015960801
13015960802,13015960802
13015960804,13015960803
13015960805,13015960803
13015960901,13015960803
13015960901,13015960901
13015960902,13015960600
13015960902,13015960902
13015961001,13015961000
13015961002,13015961000
13017960100,13017960100
13017960200,13017960200
13017960300,13017960300
13017960400,13017960400
13017960501,13017960500
13017960502,13017960500
13019970100,13019970100
13019970100,13019970200
13019970200,13019970200
13019970300,13019970300
13019970400,13019970400
13019970500,13019970500
13019970600,13019970600
13021010100,13021010100
13021010200,13021010200
13021010200,13021011800
13021010400,13021010400
13021010500,13021010500
13021010500,13021013700
13021010800,13021010200
13021010800,13021010800
13021010800,13021013700
13021011001,13021011000
13021011002,13021011000
13021011100,13021011000
13021011100,13021011100
13021011500,13021011500
13021011701,13021011000
13021011701,13021011100
13021011701,13021011701
13021011702,13021011100
13021011702,13021011702
13021011800,13021011800
13021011900,13021011900
13021012000,13021011800
13021012000,13021012000
13021012101,13021012101
13021012101,13021013410
13021012102,13021012102
13021012200,13021012200
13021012200,13021012300
13021012400,13021012400
13021012500,13021012500
13021012600,13021012500
13021012600,13021012600
13021012700,13021012700
13021012800,13021012800
13021012900,13021012900
13021013101,13021013101
13021013101,13021013202
13021013102,13021013102
13021013201,13021012400
13021013201,13021012500
13021013201,13021013201
13021013202,13021012500
13021013202,13021013201
13021013202,13021013202
13021013302,13021013302
13021013407,13021013407
13021013408,13021013408
13021013409,13021013409
13021013411,13021013411
13021013411,13207050302
13021013412,13021013410
13021013413,13021013410
13021013413,13207050301
13021013413,13207050302
13021013502,13021013502
13021013503,13021013503
13021013505,13021013504
13021013506,13021013504
13021013603,13021013101
13021013603,13021013603
13021013603,13021013604
13021013604,13021013604
13021013605,13021013605
13021013607,13021013606
13021013608,13021013606
13021013701,13021013700
13021013702,13021010300
13021013702,13021013700
13021013800,13021013800
13021013900,13021013502
13021013900,13021013900
13021014000,13021010200
13021014000,13021010300
13021014000,13021012300
13021014000,13021012400
13023790100,13023790100
13023790200,13023790200
13023790301,13023790300
13023790302,13023790300
13025960101,13025960100
13025960101,13127001000
13025960102,13025960100
13025960201,13025960200
13025960202,13025960200
13025960300,13025960300
13027960200,13027960200
13027960301,13027960300
13027960302,13027960300
13027960400,13027960400
13027960500,13027960400
13027960500,13027960500
13027960600,13027960600
13029920101,13029920101
13029920101,13029920102
13029920103,13029920101
13029920103,13029920102
13029920104,13029920102
13029920301,13029920301
13029920303,13029920303
13029920305,13029920305
13029920307,13029920306
13029920308,13029920303
13029920308,13029920306
13029980000,13029920102
13029980000,13029920305
13029980000,13029980000
13031110100,13031110100
13031110201,13031110200
13031110202,13031110200
13031110301,13031110300
13031110302,13031110300
13031110401,13031110401
13031110405,13031110403
13031110406,13031110403
13031110407,13031110404
13031110408,13031110404
13031110500,13031110500
13031110602,13031110500
13031110602,13031110602
13031110603,13031110601
13031110604,13031110601
13031110604,13031110700
13031110701,13031110700
13031110702,13031110700
13031110703,13031110700
13031110800,13031110800
13031110901,13031110900
13031110902,13031110900
13033950101,13033950100
13033950102,13033950100
13033950200,13033950200
13033950400,13033950400
13033950500,13033950500
13033950700,13033950700
13033950900,13033950900
13035150101,13035150100
13035150102,13035150100
13035150201,13035150100
13035150201,13035150200
13035150202,13035150200
13035150300,13035150300
13037950100,13037950100
13037950200,13037950200
13039010100,13039010100
13039010100,13039010200
13039010201,13039010200
13039010202,13039010200
13039010302,13039010302
13039010303,13039010301
13039010304,13039010301
13039010305,13039010301
13039010305,13039010302
13039010403,13039010403
13039010403,13039010601
13039010404,13039010401
13039010405,13039010401
13039010406,13039010402
13039010407,13039010402
13039010500,13039010500
13039010602,13039010602
13039010603,13039010601
13039010604,13039010601
13039990000,13039990000
13043950100,13043950100
13043950200,13043950200
13043950300,13043950300
13045910101,13045910101
13045910101,13045910103
13045910103,13045910103
13045910105,13045910104
13045910106,13045910103
13045910106,13045910104
13045910201,13045910200
13045910202,13045910200
13045910203,13045910200
13045910301,13045910300
13045910302,13045910300
13045910400,13045910400
13045910502,13045910502
13045910503,13045910501
13045910504,13045910501
13045910600,13045910600
13045910704,13045910701
13045910704,13045910800
13045910705,13045910701
13045910706,13045910702
13045910707,13045910702
13045910707,13045910703
13045910708,13045910703
13045910709,13045910703
13045910800,13045910800
13045910800,13045911000
13045910900,13045910900
13045911001,13045911000
13045911002,13045911000
13045911101,13045911100
13045911102,13045911100
13045911201,13045911200
13045911202,13045911200
13047030100,13047030100
13047030201,13047030201
13047030201,13047030202
13047030202,13047030201
13047030202,13047030202
13047030303,13047030303
13047030303,13047030304
13047030304,13047030304
13047030305,13047030301
13047030306,13047030301
13047030402,13047030402
13047030403,13047030401
13047030404,13047030401
13047030404,13047030402
13047030501,13047030500
13047030502,13047030500
13047030600,13047030600
13047030701,13047030700
13047030702,13047030700
13049010101,13049010100
13049010102,13049010100
13049010200,13049010100
13049010200,13049010200
13051000601,13051000601
13051001100,13051001100
13051001100,13051003700
13051001100,13051010101
13051001200,13051001200
13051001200,13051003302
13051002000,13051002000
13051002100,13051002100
13051002200,13051002200
13051002300,13051002300
13051002600,13051002600
13051002700,13051002700
13051002800,13051002800
13051002900,13051002900
13051003000,13051003000
13051003301,13051003301
13051003302,13051003301
13051003302,13051003302
13051003400,13051003400
13051003501,13051003501
13051003502,13051003502
13051003601,13051003601
13051003601,13051003602
13051003601,13051010101
13051003602,13051003602
13051003700,13051003700
13051003700,13051010101
13051003800,13051003800
13051003800,13051010102
13051003900,13051003900
13051004001,13051004001
13051004001,13051004400
13051004002,13051004002
13051004002,13051004207
13051004002,13051004210
13051004002,13051004300
13051004100,13051004100
13051004207,13051004207
13051004208,13051004208
13051004209,13051004100
13051004209,13051004208
13051004209,13051004209
13051004210,13051004207
13051004210,13051004210
13051004211,13051004208
13051004211,13051004211
13051004212,13051004208
13051004212,13051004212
13051004212,13051010901
13051004300,13051004300
13051004300,13051004400
13051004400,13051004400
13051004500,13051002300
13051004500,13051004500
13051010102,13051010102
13051010102,13051011106
13051010200,13051010200
13051010502,13051004500
13051010502,13051010502
13051010503,13051010501
13051010504,13051000601
13051010504,13051003301
13051010504,13051003302
13051010504,13051010501
13051010504,13051011600
13051010601,13051010601
13051010603,13051010603
13051010701,13051010603
13051010701,13051010700
13051010701,13051010803
13051010702,13051010700
13051010703,13051010700
13051010704,13051010700
13051010705,13051010700
13051010706,13051010700
13051010707,13051010700
13051010801,13051010801
13051010806,13051004300
13051010806,13051010806
13051010806,13051010807
13051010807,13051010806
13051010807,13051010807
13051010810,13051010803
13051010811,13051010700
13051010811,13051010801
13051010811,13051010803
13051010812,13051010803
13051010812,13051010809
13051010813,13051010808
13051010814,13051010808
13051010815,13051010808
13051010816,13051010809
13051010817,13051010809
13051010818,13051010802
13051010818,13051010808
13051010819,13051010802
13051010819,13051010809
13051010820,13051010802
13051010821,13051010802
13051010821,13051010808
13051010901,13051004212
13051010901,13051010901
13051011004,13051011003
13051011004,13051011004
13051011005,13051011005
13051011005,13051011006
13051011005,13051011500
13051011006,13051011006
13051011007,13051011003
13051011008,13051011003
13051011104,13051011104
13051011104,13051011107
13051011104,13051011108
13051011107,13051010102
13051011107,13051011104
13051011107,13051011107
13051011108,13051011108
13051011108,13051011109
13051011110,13051011103
13051011111,13051011103
13051011112,13051011109
13051011113,13051011109
13051011114,13051011106
13051011115,13051010102
13051011115,13051011106
13051011115,13051011107
13051011200,13051011200
13051011300,13051011300
13051011400,13051011400
13051011500,13051010901
13051011500,13051011500
13051011600,13051011600
13051011600,13051980000
13051011700,13051000100
13051011700,13051000300
13051011800,13051000300
13051011800,13051010101
13051011800,13051010605
13051011800,13051980000
13051011900,13051000900
13051011900,13051001500
13051980000,13051011600
13051980000,13051980000
13051990000,13051011103
13051990000,13051990000
13053020100,13053020100
13053020100,13053020203
13053020100,13053020206
13053020201,13053020201
13053020203,13053020100
13053020203,13053020203
13053020203,13215011500
13053020205,13053020205
13053020206,13053020203
13053020206,13053020206
13053020206,13215010802
13055010100,13055010100
13055010201,13055010200
13055010202,13055010200
13055010202,13055010500
13055010300,13055010300
13055010300,13055010600
13055010401,13055010400
13055010402,13055010400
13055010501,13055010500
13055010502,13055010500
13055010600,13055010600
13057090101,13057090100
13057090102,13057090100
13057090102,13057090200
13057090103,13057090100
13057090201,13057090200
13057090202,13057090200
13057090301,13057090300
13057090302,13057090300
13057090303,13057090300
13057090303,13057090400
13057090401,13057090300
13057090401,13057090400
13057090402,13057090400
13057090503,13057090502
13057090504,13057090502
13057090505,13057090502
13057090506,13057090501
13057090507,13057090501
13057090603,13057090602
13057090604,13057090602
13057090605,13057090300
13057090605,13057090601
13057090606,13057090601
13057090703,13057090702
13057090704,13057090702
13057090705,13057090701
13057090706,13057090701
13057090707,13057090701
13057090707,13057090702
13057090708,13057090701
13057090708,13057090702
13057090709,13057090701
13057090710,13057090701
13057090710,13057090702
13057090710,13057091008
13057090805,13057090804
13057090806,13057090804
13057090807,13057090803
13057090808,13057090803
13057090809,13057090802
13057090810,13057090802
13057090905,13057090904
13057090905,13057090905
13057090906,13057090902
13057090907,13057090902
13057090908,13057090902
13057090909,13057090904
13057090910,13057090904
13057090911,13057090901
13057090912,13057090901
13057091001,13057090904
13057091001,13057091001
13057091006,13057091006
13057091006,13057091101
13057091006,13057091102
13057091007,13057091007
13057091009,13057091001
13057091009,13057091007
13057091009,13057091008
13057091010,13057091008
13057091011,13057091005
13057091012,13057091001
13057091012,13057091005
13057091013,13057091003
13057091014,13057091003
13057091014,13057091102
13057091101,13057091101
13057091104,13057091102
13057091104,13057091103
13057091104,13067030107
13057091105,13057091102
13057091106,13057091102
13057091107,13057091103
13057091108,13057091103
13059000100,13059000100
13059000401,13059000401
13059000402,13059000402
13059000600,13059000600
13059000900,13059000900
13059001200,13059001200
13059001700,13059001700
13059001800,13059001800
13059001900,13059001900
13059001900,13059130300
13059002000,13059002000
13059002100,13059002100
13059002200,13059002200
13059030101,13059030100
13059030102,13059030100
13059030200,13059030200
13059130300,13059130300
13059130300,13059140300
13059130400,13059130400
13059130500,13059130500
13059130500,13059130700
13059130601,13059130600
13059130602,13059130600
13059130701,13059130700
13059130702,13059130500
13059130702,13059130700
13059140300,13059140300
13059140400,13059140400
13059140500,13059140500
13059140600,13059140600
13059150300,13059150300
13059150400,13059000401
13059150400,13059150300
13059150400,13059150400
13059150500,13059150500
13059150600,13059150600
13059150701,13059150700
13059150702,13059150700
13059150800,13059150800
13059150900,13059150900
13061960300,13061960300
13063040202,13063040202
13063040202,13063040204
13063040202,13063040308
13063040202,13063040520
13063040203,13063040203
13063040203,13063040509
13063040204,13063040204
13063040302,13063040302
13063040302,13063040308
13063040306,13063040306
13063040306,13063040308
13063040307,13063040307
13063040308,13063040308
13063040309,13063040303
13063040310,13063040302
13063040310,13063040303
13063040310,13063040410
13063040407,13063040407
13063040407,13063040408
13063040407,13063040410
13063040409,13063040409
13063040410,13063040407
13063040410,13063040410
13063040414,13063040414
13063040414,13063040415
13063040416,13063040416
13063040417,13063040417
13063040418,13063040408
13063040419,13063040408
13063040420,13063040411
13063040421,13063040410
13063040421,13063040411
13063040421,13151070109
13063040422,13063040202
13063040422,13063040415
13063040423,13063040415
13063040424,13063040412
13063040425,13063040412
13063040426,13063040413
13063040427,13063040413
13063040427,13063040616
13063040509,13063040509
13063040510,13063040510
13063040510,13063040522
13063040512,13063040512
13063040512,13063040522
13063040512,13063040523
13063040513,13063040513
13063040513,13063040523
13063040518,13063040518
13063040519,13063040519
13063040519,13063040522
13063040521,13063040521
13063040522,13063040521
13063040522,13063040522
13063040523,13063040523
13063040525,13063040525
13063040527,13063040514
13063040528,13063040514
13063040529,13063040515
13063040530,13063040515
13063040531,13063040520
13063040532,13063040520
13063040533,13063040524
13063040534,13063040524
13063040535,13063040516
13063040536,13063040516
13063040537,13063040526
13063040538,13063040526
13063040606,13063040606
13063040609,13063040609
13063040609,13063040616
13063040614,13063040614
13063040615,13063040614
13063040615,13063040615
13063040617,13063040617
13063040623,13063040622
13063040624,13063040620
13063040624,13063040622
13063040625,13063040606
13063040625,13063040621
13063040626,13063040621
13063040627,13063040609
13063040627,13063040613
13063040628,13063040613
13063040628,13063040614
13063040629,13063040611
13063040630,13063040611
13063040631,13063040526
13063040631,13063040612
13063040631,13063040619
13063040631,13063040620
13063040632,13063040616
13063040633,13063040616
13063040634,13063040612
13063040635,13063040612
13063040636,13063040608
13063040637,13063040606
13063040637,13063040608
13063040638,13063040608
13063040639,13063040608
13063980000,13063040202
13063980000,13063040308
13063980000,13063980000
13065970100,13065970100
13065970100,13065970200
13065970200,13065970100
13065970200,13065970200
13067030104,13015960801
13067030104,13015960802
13067030104,13057091103
13067030104,13067030104
13067030107,13057091103
13067030107,13067030107
13067030108,13067030101
13067030109,13067030101
13067030110,13067030103
13067030111,13067030103
13067030111,13067030224
13067030112,13067030106
13067030113,13067030106
13067030220,13067030220
13067030233,13067030233
13067030235,13067030235
13067030236,13067030236
13067030240,13067030214
13067030240,13067030215
13067030241,13067030214
13067030242,13067030215
13067030243,13067030215
13067030244,13067030218
13067030244,13067030219
13067030245,13067030226
13067030246,13067030227
13067030247,13067030228
13067030248,13067030228
13067030248,13067030601
13067030249,13067030230
13067030250,13067030231
13067030251,13067030231
13067030252,13067030239
13067030253,13067030239
13067030254,13067030226
13067030255,13067030226
13067030256,13067030230
13067030257,13067030230
13067030258,13067030227
13067030259,13067030227
13067030260,13067030224
13067030261,13067030103
13067030261,13067030224
13067030262,13067030209
13067030263,13067030209
13067030264,13067030218
13067030265,13067030218
13067030266,13067030219
13067030267,13067030219
13067030268,13067030234
13067030269,13067030234
13067030270,13067030209
13067030270,13067030232
13067030270,13067030233
13067030271,13067030232
13067030272,13067030222
13067030273,13067030222
13067030274,13067030223
13067030274,13067030226
13067030275,13067030223
13067030275,13067030226
13067030276,13067030238
13067030277,13067030238
13067030278,13067030226
13067030278,13067030229
13067030278,13067030601
13067030319,13067030319
13067030322,13067030322
13067030324,13067030310
13067030324,13067030324
13067030326,13067030326
13067030327,13067030327
13067030329,13067030329
13067030329,13067030504
13067030331,13067030331
13067030332,13067030332
13067030334,13067030334
13067030335,13067030335
13067030337,13067030337
13067030340,13067030340
13067030341,13067030341
13067030342,13067030342
13067030343,13067030343
13067030344,13067030344
13067030345,13067030339
13067030345,13067030345
13067030346,13067030310
13067030347,13067030310
13067030348,13067030313
13067030349,13067030313
13067030350,13067030314
13067030351,13067030318
13067030352,13067030318
13067030353,13067030320
13067030353,13067030339
13067030354,13067030320
13067030354,13067030408
13067030355,13067030339
13067030356,13067030339
13067030357,13067030330
13067030358,13067030330
13067030359,13067030328
13067030360,13067030328
13067030361,13067030312
13067030361,13067030507
13067030362,13067030312
13067030363,13067030311
13067030364,13067030311
13067030365,13067030333
13067030366,13067030333
13067030367,13067030314
13067030368,13067030314
13067030369,13067030336
13067030370,13067030336
13067030405,13067030405
13067030407,13067030407
13067030408,13067030408
13067030409,13067030409
13067030410,13067030410
13067030411,13067030411
13067030412,13067030412
13067030413,13067030413
13067030414,13067030414
13067030505,13067030504
13067030505,13067030505
13067030506,13067030502
13067030506,13067030506
13067030507,13067030507
13067030508,13067030502
13067030509,13067030502
13067030510,13067030504
13067030511,13067030504
13067030602,13067030601
13067030602,13067030602
13067030603,13067030601
13067030604,13067030601
13067030700,13067030700
13067030800,13067030800
13067030800,13067031001
13067030906,13067030901
13067030907,13067030901
13067030908,13067030905
13067030909,13067030905
13067030910,13067030904
13067030911,13067030904
13067030912,13067030800
13067030912,13067030902
13067031001,13067031001
13067031001,13067031113
13067031004,13067031004
13067031005,13067031005
13067031006,13067031002
13067031007,13067031002
13067031101,13067031101
13067031110,13067031110
13067031111,13067031111
13067031112,13067031112
13067031113,13067031113
13067031114,13067031114
13067031115,13067031115
13067031116,13067031116
13067031117,13067031106
13067031117,13067031117
13067031117,13067031307
13067031118,13067031117
13067031118,13067031118
13067031119,13067031106
13067031119,13067031405
13067031120,13067031106
13067031120,13067031117
13067031121,13067031108
13067031122,13067031108
13067031207,13067031207
13067031209,13067031209
13067031212,13067031212
13067031213,13067031205
13067031214,13067031205
13067031215,13067031205
13067031215,13067031206
13067031216,13067031208
13067031217,13067031207
13067031217,13067031208
13067031218,13067031211
13067031219,13067031211
13067031220,13067031206
13067031221,13067031206
13067031221,13067031307
13067031306,13067031306
13067031308,13067031308
13067031314,13067031313
13067031315,13067031307
13067031315,13067031313
13067031316,13067031312
13067031317,13067031312
13067031318,13067031311
13067031319,13067031311
13067031320,13067031310
13067031321,13067031310
13067031322,13067031309
13067031323,13067031309
13067031324,13067031307
13067031325,13067031307
13067031409,13067031409
13067031410,13067031405
13067031411,13067031405
13067031412,13067031406
13067031413,13067031406
13067031414,13067031404
13067031415,13067031404
13067031416,13067031408
13067031416,13067031409
13067031417,13067031408
13067031417,13097080103
13067031506,13067031506
13067031507,13067031503
13067031507,13067031507
13067031510,13067031503
13067031511,13067031505
13067031511,13067031509
13067031512,13067031509
13067031513,13067031505
13067031514,13067031505
13067031515,13067031508
13067031516,13067031508
13067031517,13067031503
13067031518,13067031503
13069010100,13069010100
13069010200,13069010200
13069010301,13069010300
13069010302,13069010300
13069010401,13069010400
13069010402,13069010400
13069010500,13069010500
13069010600,13069010600
13069010701,13069010700
13069010702,13069010700
13069010801,13069010801
13069010802,13069010300
13069010802,13069010802
13071970101,13071970100
13071970101,13071970300
13071970102,13071970100
13071970200,13071970200
13071970301,13071970300
13071970302,13071970300
13071970400,13071970300
13071970400,13071970400
13071970500,13071970500
13071970601,13071970600
13071970602,13071970600
13071970702,13071970702
13071970703,13071970701
13071970703,13071970702
13071970704,13071970701
13071970800,13071970800
13071970901,13071970900
13071970902,13071970900
13073030103,13073030103
13073030105,13073030105
13073030106,13073030105
13073030106,13073030106
13073030107,13073030102
13073030108,13073030102
13073030201,13073030201
13073030201,13073030306
13073030202,13073030106
13073030202,13073030202
13073030203,13073030203
13073030304,13073030304
13073030306,13073030306
13073030306,13073030307
13073030307,13073030307
13073030308,13073030308
13073030310,13073030309
13073030311,13073030103
13073030311,13073030201
13073030311,13073030309
13073030312,13073030302
13073030313,13073030302
13073030313,13073030505
13073030401,13073030401
13073030403,13073030402
13073030404,13073030402
13073030404,13189950100
13073030503,13073030503
13073030504,13073030504
13073030505,13073030505
13073030505,13245010204
13073030507,13073030506
13073030508,13073030506
13073030508,13245010204
13073030603,13073030603
13075960100,13075960100
13075960200,13075960200
13075960200,13075960400
13075960301,13075960300
13075960302,13075960300
13075960400,13075960400
13077170101,13077170100
13077170102,13077170100
13077170200,13077170200
13077170303,13077170303
13077170304,13077170304
13077170307,13077170305
13077170308,13077170305
13077170308,13077170403
13077170309,13077170306
13077170310,13077170306
13077170403,13077170304
13077170403,13077170403
13077170404,13077170404
13077170405,13077170405
13077170406,13077170406
13077170407,13077170402
13077170408,13077170402
13077170408,13077170406
13077170408,13121010400
13077170501,13077170501
13077170502,13077170502
13077170503,13077170503
13077170603,13077170501
13077170603,13077170603
13077170604,13077170601
13077170604,13077170602
13077170604,13077170603
13077170605,13077170601
13077170605,13077170603
13077170606,13077170602
13077170607,13077170602
13077170701,13077170700
13077170702,13077170700
13077170801,13077170801
13077170802,13077170802
13077170802,13199970700
13079070100,13079070100
13079070201,13079070201
13079070202,13079070202
13081010100,13081010100
13081010201,13081010201
13081010202,13081010202
13081010300,13081010300
13081010400,13081010400
13081010500,13081010500
13083040102,13083040102
13083040103,13083040101
13083040103,13083040200
13083040104,13083040101
13083040104,13083040200
13083040200,13083040101
13083040200,13083040200
13083040300,13083040102
13083040300,13083040300
13085970101,13085970100
13085970102,13085970100
13085970103,13085970100
13085970203,13085970201
13085970203,13085970202
13085970204,13085970201
13085970205,13085970202
13085970206,13085970201
13085970206,13085970202
13087970100,13087970100
13087970100,13087970400
13087970200,13087970200
13087970301,13087970300
13087970302,13087970300
13087970400,13087970400
13087970600,13087970600
13087970700,13087970700
13087970800,13087970800
13089020100,13089020100
13089020100,13089021502
13089020100,13089021504
13089020100,13089022401
13089020200,13089020200
13089020200,13089022401
13089020200,13089022403
13089020200,13121001500
13089020300,13089020300
13089020300,13089022403
13089020400,13089020400
13089020500,13089020500
13089020600,13089020600
13089020700,13089020700
13089020801,13089020300
13089020801,13089020801
13089020801,13089022700
13089020802,13089020802
13089020802,13089022700
13089020802,13089023101
13089020802,13089023601
13089020901,13089020900
13089020902,13089020900
13089020902,13089023700
13089020902,13089023801
13089020902,13089023803
13089021101,13089021101
13089021103,13089021102
13089021104,13089021102
13089021204,13089021204
13089021204,13089021301
13089021208,13089021208
13089021208,13089021209
13089021210,13089021210
13089021211,13089021211
13089021211,13121010108
13089021211,13135050304
13089021211,13135050315
13089021213,13089021213
13089021213,13121010122
13089021217,13089021217
13089021217,13089021306
13089021219,13089021202
13089021219,13089021215
13089021220,13089021202
13089021220,13089021218
13089021221,13089021209
13089021222,13089021209
13089021223,13089021215
13089021224,13089021218
13089021225,13089021218
13089021226,13089021202
13089021226,13089021216
13089021227,13089021216
13089021228,13089021214
13089021229,13089021214
13089021229,13121010106
13089021230,13089021215
13089021301,13089021202
13089021301,13089021217
13089021301,13089021218
13089021301,13089021301
13089021301,13089021306
13089021305,13089021305
13089021305,13135050304
13089021306,13089021306
13089021307,13089021307
13089021308,13089021204
13089021308,13089021308
13089021309,13089021303
13089021310,13089021303
13089021405,13089021405
13089021409,13089021409
13089021410,13089021410
13089021411,13089021411
13089021412,13089021412
13089021415,13089021415
13089021415,13121009404
13089021416,13089021416
13089021417,13089021417
13089021418,13089021414
13089021419,13089021414
13089021420,13089021413
13089021421,13089021413
13089021502,13089020100
13089021502,13089021502
13089021503,13089021503
13089021505,13089021504
13089021505,13089022402
13089021506,13089021504
13089021602,13089021602
13089021604,13089021604
13089021606,13089021603
13089021607,13089021603
13089021608,13089021605
13089021609,13089021605
13089021703,13089021703
13089021707,13089021704
13089021708,13089021704
13089021709,13089021705
13089021709,13089021706
13089021710,13089021706
13089021711,13089021705
13089021712,13089021705
13089021808,13089021808
13089021808,13089021809
13089021812,13089021812
13089021812,13089021813
13089021812,13089021814
13089021813,13089021813
13089021815,13089021814
13089021816,13089021812
13089021816,13089021814
13089021817,13089021805
13089021817,13089022009
13089021818,13089021805
13089021819,13089021810
13089021820,13089021810
13089021821,13089021808
13089021821,13089021809
13089021822,13089021809
13089021823,13089021806
13089021823,13089021912
13089021823,13135050431
13089021824,13089021805
13089021824,13089021806
13089021906,13089021906
13089021908,13089021908
13089021910,13089021910
13089021911,13089021911
13089021912,13089021912
13089021912,13089021913
13089021912,13135050426
13089021913,13089021911
13089021913,13089021913
13089021914,13089021907
13089021915,13089021907
13089021916,13089021909
13089021917,13089021909
13089022001,13089022001
13089022005,13089022005
13089022007,13089022001
13089022007,13089022007
13089022010,13089022008
13089022010,13089022010
13089022011,13089022008
13089022012,13089022008
13089022013,13089021805
13089022013,13089022009
13089022014,13089022009
13089022015,13089022004
13089022016,13089022004
13089022100,13089022100
13089022203,13089022203
13089022203,13089022600
13089022205,13089022204
13089022206,13089022204
13089022302,13089022302
13089022303,13089022301
13089022303,13089022600
13089022304,13089022301
13089022304,13089022302
13089022304,13089022600
13089022401,13089022401
13089022401,13121000100
13089022403,13089020200
13089022403,13089022403
13089022403,13089022500
13089022404,13089022402
13089022405,13089022402
13089022501,13089022403
13089022501,13089022500
13089022502,13089022403
13089022502,13089022500
13089022601,13089022301
13089022601,13089022600
13089022602,13089022600
13089022700,13089020801
13089022700,13089022700
13089022800,13089022800
13089022800,13089022900
13089022900,13089020802
13089022900,13089022800
13089022900,13089022900
13089023000,13089023000
13089023101,13089023101
13089023102,13089023102
13089023107,13089023107
13089023108,13089023108
13089023111,13089023111
13089023112,13089023112
13089023113,13089023113
13089023113,13089023115
13089023114,13089023114
13089023115,13089023115
13089023209,13089023209
13089023209,13089023210
13089023211,13089023211
13089023212,13089023212
13089023213,13089023213
13089023213,13089023414
13089023214,13089023214
13089023215,13089023206
13089023216,13089023206
13089023217,13089023210
13089023218,13089023210
13089023219,13089023204
13089023220,13089023204
13089023221,13089023208
13089023222,13089023208
13089023311,13089023311
13089023313,13089023313
13089023315,13089023315
13089023317,13089023303
13089023318,13089023303
13089023319,13089023310
13089023320,13089023310
13089023321,13089023310
13089023322,13089023312
13089023323,13089023312
13089023324,13089023312
13089023325,13089023316
13089023326,13089023316
13089023327,13089023309
13089023328,13089023309
13089023329,13089023306
13089023330,13089023306
13089023331,13089023314
13089023332,13089023314
13089023410,13089023410
13089023411,13089023411
13089023413,13089023413
13089023422,13089023422
13089023424,13089023423
13089023424,13089023424
13089023425,13089023419
13089023425,13089023421
13089023425,13089023425
13089023425,13089023426
13089023426,13089023419
13089023426,13089023426
13089023427,13089023427
13089023429,13089023428
13089023430,13089023428
13089023431,13089023428
13089023432,13089023418
13089023433,13089023418
13089023434,13089023418
13089023435,13089023418
13089023436,13089023419
13089023436,13089023425
13089023437,13089023419
13089023438,13089023421
13089023438,13089023425
13089023439,13089023421
13089023440,13089023418
13089023441,13089023416
13089023442,13089023414
13089023442,13089023416
13089023443,13089023423
13089023444,13089023423
13089023445,13089023412
13089023446,13089023412
13089023447,13089023414
13089023448,13089023414
13089023501,13089023501
13089023504,13089023504
13089023505,13089023505
13089023506,13089023506
13089023507,13089023507
13089023601,13089020802
13089023601,13089023601
13089023602,13089023602
13089023603,13089023603
13089023701,13089020802
13089023701,13089020900
13089023701,13089023700
13089023702,13089020900
13089023702,13089023700
13089023801,13089023801
13089023802,13089023802
13089023803,13089023803
13089980000,13089980000
13091960100,13091960100
13091960200,13091960200
13091960200,13091960300
13091960301,13091960300
13091960301,13091960400
13091960302,13091960300
13091960400,13091960400
13091960500,13091960400
13091960500,13091960500
13091960600,13091960600
13093970100,13093970100
13093970200,13093970200
13093970300,13093970300
13095000101,13095000100
13095000102,13095000100
13095000102,13095011600
13095000200,13095000200
13095000400,13095000400
13095000501,13095000501
13095000502,13095000502
13095000600,13095000600
13095000700,13095000700
13095000800,13095000800
13095000800,13095011400
13095000900,13095000900
13095001000,13095001000
13095001100,13095001100
13095001100,13095001403
13095001100,13095001500
13095001100,13095011400
13095001403,13095001403
13095001403,13095010700
13095001500,13095001403
13095001500,13095001500
13095010302,13095010302
13095010401,13095010401
13095010402,13095010402
13095010403,13095010403
13095010500,13095010500
13095010500,13095010602
13095010601,13095010601
13095010601,13095010700
13095010602,13095010601
13095010602,13095010602
13095010602,13095010700
13095010701,13095010700
13095010702,13095000200
13095010702,13095001403
13095010702,13095010700
13095010702,13095011600
13095010900,13095010900
13095011000,13095010900
13095011000,13095011000
13095011200,13095000100
13095011200,13095011200
13095011300,13095011300
13095011400,13095000800
13095011400,13095011400
13095011600,13095011600
13097080104,13097080102
13097080105,13097080102
13097080106,13067031309
13097080106,13097080103
13097080107,13097080103
13097080201,13097080201
13097080203,13097080202
13097080204,13097080202
13097080303,13097080303
13097080304,13097080304
13097080305,13097080301
13097080306,13097080301
13097080307,13097080301
13097080403,13097080403
13097080405,13097080402
13097080406,13097080402
13097080407,13097080404
13097080408,13097080404
13097080505,13097080505
13097080506,13097080506
13097080507,13097080507
13097080508,13097080508
13097080509,13097080509
13097080512,13097080510
13097080513,13097080509
13097080513,13097080510
13097080514,13097080511
13097080515,13097080511
13097080602,13097080602
13097080605,13097080604
13097080606,13097080604
13097080607,13097080603
13097080608,13097080603
13099090100,13099090100
13099090200,13099090200
13099090300,13099090300
13099090300,13099090500
13099090400,13099090300
13099090400,13099090400
13099090500,13099090500
13101880100,13101880100
13101880200,13101880100
13101880200,13101880200
13103030100,13103030100
13103030204,13103030202
13103030204,13103030204
13103030205,13103030202
13103030205,13103030203
13103030206,13103030202
13103030207,13103030203
13103030208,13103030203
13103030209,13103030203
13103030301,13103030301
13103030303,13103030303
13103030306,13103030303
13103030306,13103030304
13103030306,13103030305
13103030307,13103030303
13103030307,13103030304
13103030308,13103030305
13103030309,13103030304
13103030309,13103030305
13103030401,13103030401
13103030403,13103030402
13103030404,13103030402
13105000100,13105000100
13105000200,13105000200
13105000300,13105000300
13105000400,13105000400
13105000501,13105000500
13105000502,13105000200
13105000502,13105000500
13107970101,13107970100
13107970102,13107970100
13107970200,13107970200
13107970300,13107970300
13107970401,13107970400
13107970402,13107970400
13107970500,13107970500
13107970601,13107970600
13107970602,13107970100
13107970602,13107970600
13109970100,13109970100
13109970200,13109970200
13109970300,13109970300
13111050100,13111050100
13111050200,13111050200
13111050300,13111050300
13111050400,13111050400
13111050400,13123080100
13111050400,13123080200
13111050500,13111050500
13113140102,13113140102
13113140103,13113140101
13113140104,13113140101
13113140203,13113140203
13113140204,13113140203
13113140204,13113140204
13113140206,13113140206
13113140207,13113140207
13113140209,13113140208
13113140210,13113140208
13113140303,13113140303
13113140304,13113140304
13113140305,13113140305
13113140307,13113140307
13113140308,13113140306
13113140309,13113140306
13113140403,13113140403
13113140404,13113140404
13113140405,13113140405
13113140406,13113140406
13113140408,13113140408
13113140409,13113140407
13113140410,13113140406
13113140410,13113140407
13113140501,13113140501
13113140502,13113140502
13115000100,13115000100
13115000202,13115000202
13115000203,13115000201
13115000204,13115000201
13115000300,13115000201
13115000300,13115000300
13115000401,13115000400
13115000401,13115001300
13115000402,13115000400
13115000403,13115000400
13115000500,13115000500
13115000600,13115000600
13115000700,13115000700
13115000800,13115000800
13115000900,13115000900
13115001100,13115001100
13115001100,13115002100
13115001200,13115001200
13115001200,13115001400
13115001200,13115002100
13115001301,13115001300
13115001302,13115001300
13115001400,13115001400
13115001600,13115001600
13115001703,13115001701
13115001704,13115001701
13115001705,13115001702
13115001706,13115001702
13115001800,13115001800
13115001800,13115002100
13115002000,13115002000
13115002100,13115002100
13117130101,13117130101
13117130102,13117130102
13117130103,13117130103
13117130104,13117130103
13117130104,13117130104
13117130105,13117130105
13117130201,13117130201
13117130201,13117130303
13117130202,13117130202
13117130203,13117130203
13117130204,13117130204
13117130204,13117130205
13117130205,13117130205
13117130301,13117130301
13117130302,13117130302
13117130302,13117130305
13117130303,13117130303
13117130304,13117130304
13117130304,13121011504
13117130305,13117130305
13117130306,13117130306
13117130307,13117130307
13117130406,13117130406
13117130409,13117130409
13117130410,13117130404
13117130410,13117130410
13117130411,13117130403
13117130412,13117130403
13117130413,13117130405
13117130413,13117130408
13117130414,13117130404
13117130414,13117130405
13117130414,13117130408
13117130415,13117130405
13117130415,13117130408
13117130503,13117130503
13117130504,13117130504
13117130505,13117130505
13117130506,13117130506
13117130507,13117130507
13117130508,13117130508
13117130509,13117130509
13117130511,13117130510
13117130512,13117130509
13117130512,13117130510
13117130601,13117130601
13117130602,13117130602
13117130603,13117130603
13117130603,13117130613
13117130604,13117130604
13117130605,13117130605
13117130606,13117130606
13117130606,13117130608
13117130607,13117130607
13117130608,13117130608
13117130609,13117130609
13117130609,13117130610
13117130610,13117130610
13117130611,13117130611
13117130613,13117130613
13117130614,13117130612
13117130615,13117130612
13119890101,13119890101
13119890103,13119890101
13119890103,13119890102
13119890104,13119890101
13119890104,13119890102
13119890201,13011970100
13119890201,13119890200
13119890202,13119890200
13119890300,13119890300
13119890401,13119890400
13119890402,13119890400
13121000100,13121000100
13121000201,13121000200
13121000202,13121000200
13121000400,13121000400
13121000501,13121000400
13121000501,13121000500
13121000502,13121000500
13121000601,13121000600
13121000601,13121001002
13121000602,13121000600
13121000700,13121000700
13121000700,13121008800
13121001001,13121001001
13121001002,13121000600
13121001002,13121001002
13121001101,13121001100
13121001102,13121001100
13121001102,13121001202
13121001203,13121001201
13121001204,13121001201
13121001205,13121001202
13121001206,13121001202
13121001301,13121001300
13121001302,13121001300
13121001400,13121001400
13121001501,13121001500
13121001502,13121001500
13121001600,13121001600
13121001701,13121001700
13121001702,13121001700
13121001801,13121001800
13121001802,13121001800
13121001901,13121001900
13121001902,13121001900
13121002100,13121002100
13121002300,13121000700
13121002300,13121002300
13121002400,13121002400
13121002500,13121002500
13121002600,13121002600
13121002600,13121003500
13121002801,13121002800
13121002802,13121002800
13121002900,13121002900
13121003000,13121003000
13121003000,13121003100
13121003000,13121003200
13121003100,13121003100
13121003200,13121003100
13121003200,13121003200
13121003500,13121002100
13121003500,13121003500
13121003500,13121004400
13121003500,13121011900
13121003600,13121003600
13121003700,13121003700
13121003800,13121003800
13121003900,13121003900
13121004000,13121004000
13121004100,13121004100
13121004200,13121004200
13121004300,13121004200
13121004300,13121004300
13121004400,13121004400
13121004400,13121005700
13121004800,13121004800
13121004900,13121004800
13121004900,13121004900
13121005000,13121005000
13121005000,13121005200
13121005200,13121005200
13121005300,13121005300
13121005501,13121005501
13121005503,13121005502
13121005504,13121005502
13121005700,13121005700
13121005800,13121005800
13121006000,13121004100
13121006000,13121006000
13121006100,13121006100
13121006200,13121004200
13121006200,13121006200
13121006300,13121006300
13121006400,13121006400
13121006500,13121006500
13121006500,13121006601
13121006601,13121006601
13121006602,13121006602
13121006701,13121006700
13121006702,13121006700
13121006702,13121007001
13121006801,13121006801
13121006802,13121006802
13121006900,13121006900
13121007001,13121007001
13121007002,13121007002
13121007100,13121007100
13121007200,13121007200
13121007301,13121007300
13121007302,13121007300
13121007400,13121007400
13121007400,13121007500
13121007500,13121006601
13121007500,13121007500
13121007500,13121011100
13121007500,13121011201
13121007602,13121007602
13121007603,13121006602
13121007603,13121007603
13121007604,13121007604
13121007703,13121007703
13121007705,13121007705
13121007707,13121007704
13121007708,13121007704
13121007709,13121007706
13121007710,13121007706
13121007711,13121007706
13121007805,13121007805
13121007805,13121007806
13121007806,13121007806
13121007807,13121007807
13121007808,13121007808
13121007809,13121007802
13121007810,13121007802
13121007900,13121007900
13121008000,13121008000
13121008103,13121008102
13121008104,13121004000
13121008104,13121008101
13121008104,13121008102
13121008202,13121008201
13121008202,13121008202
13121008203,13121008201
13121008204,13121008201
13121008301,13121008301
13121008302,13121008302
13121008400,13121008400
13121008500,13121008500
13121008500,13121008700
13121008601,13121008601
13121008602,13121008602
13121008602,13121008700
13121008701,13121008602
13121008701,13121008700
13121008702,13121008700
13121008702,13121008800
13121008801,13121008800
13121008802,13121008800
13121008903,13121008903
13121008905,13121000700
13121008905,13121008902
13121008906,13121008904
13121008906,13121009700
13121008907,13121008904
13121008908,13121008902
13121008909,13121008902
13121009001,13121009000
13121009002,13121009000
13121009103,13121009101
13121009104,13121009101
13121009105,13121009102
13121009106,13121009102
13121009201,13121009200
13121009202,13121009200
13121009203,13121000100
13121009203,13121009200
13121009301,13121009300
13121009302,13121009300
13121009302,13121009603
13121009405,13121009402
13121009406,13121009402
13121009407,13121009403
13121009408,13121009403
13121009409,13121009403
13121009410,13089021415
13121009410,13121009404
13121009411,13121009404
13121009501,13121009501
13121009501,13121009502
13121009503,13121009502
13121009504,13121009502
13121009601,13121009601
13121009604,13121009603
13121009605,13121009603
13121009606,13121009602
13121009607,13121009602
13121009700,13121008904
13121009700,13121009700
13121009802,13121009802
13121009802,13121010206
13121009803,13121009801
13121009804,13121009801
13121009900,13121009900
13121010003,13121010001
13121010004,13121010001
13121010005,13121010001
13121010005,13121010002
13121010006,13121010001
13121010006,13121010002
13121010007,13121010002
13121010106,13121010106
13121010107,13121010107
13121010107,13121010108
13121010108,13121010108
13121010115,13121010113
13121010115,13121010114
13121010115,13121010115
13121010117,13121010117
13121010120,13121010120
13121010121,13121010121
13121010124,13121010119
13121010124,13121010120
13121010125,13121010119
13121010126,13121010123
13121010127,13121010123
13121010128,13121010113
13121010129,13121010113
13121010130,13121010122
13121010131,13089021213
13121010131,13121010122
13121010132,13121010110
13121010133,13121010110
13121010134,13121010117
13121010134,13121010118
13121010135,13121010118
13121010136,13121010114
13121010137,13121010114
13121010204,13121010204
13121010211,13121010211
13121010212,13121010212
13121010213,13121010209
13121010213,13121010210
13121010214,13121010208
13121010215,13121010208
13121010215,13121010209
13121010216,13121010210
13121010217,13121010209
13121010217,13121010210
13121010218,13121010208
13121010218,13121010209
13121010219,13121010208
13121010219,13121010209
13121010220,13121010205
13121010221,13121010205
13121010222,13121010206
13121010223,13121010206
13121010305,13121010303
13121010305,13121010304
13121010306,13121010303
13121010306,13121010304
13121010307,13121007706
13121010307,13121010304
13121010308,13121010304
13121010308,13121010513
13121010309,13121010301
13121010310,13121010301
13121010311,13121010301
13121010312,13121010303
13121010313,13121010303
13121010314,13121010301
13121010315,13121010301
13121010315,13121010514
13121010401,13121010400
13121010402,13121010400
13121010508,13121010508
13121010517,13121010516
13121010518,13121010516
13121010519,13121010514
13121010520,13121010514
13121010521,13121010507
13121010522,13121010507
13121010522,13121010511
13121010523,13121010512
13121010524,13121010512
13121010525,13121010512
13121010526,13121010513
13121010527,13121010513
13121010528,13121010513
13121010528,13121010514
13121010529,13121010511
13121010529,13121010512
13121010530,13121010511
13121010531,13121010510
13121010532,13121010510
13121010532,13121010515
13121010533,13121010510
13121010534,13121010510
13121010535,13121010514
13121010536,13121010514
13121010537,13121010515
13121010538,13121010515
13121010539,13121010510
13121010540,13121010510
13121010601,13121010601
13121010603,13121010603
13121010603,13121010604
13121010604,13121010604
13121010801,13121007200
13121010801,13121010800
13121010801,13121011000
13121010801,13121012300
13121010801,13121980000
13121010802,13121007300
13121010802,13121010800
13121011000,13121011000
13121011100,13121011100
13121011202,13121011202
13121011203,13121011201
13121011204,13121011201
13121011301,13121011301
13121011306,13121007706
13121011306,13121011306
13121011307,13121011305
13121011308,13121011303
13121011308,13121011305
13121011309,13121011303
13121011310,13121011303
13121011416,13121011416
13121011417,13121011417
13121011419,13121011419
13121011421,13121011421
13121011422,13121010208
13121011422,13121011422
13121011423,13121011423
13121011424,13121011414
13121011424,13121011424
13121011426,13121011426
13121011428,13121011427
13121011429,13121011427
13121011429,13121011617
13121011430,13121011420
13121011431,13121011420
13121011432,13121011414
13121011433,13121011414
13121011434,13121011412
13121011435,13121010106
13121011435,13121011411
13121011436,13121010106
13121011436,13121010107
13121011436,13121011411
13121011437,13121011405
13121011438,13121010120
13121011438,13121011405
13121011439,13121010107
13121011439,13121010108
13121011439,13121011410
13121011440,13121010107
13121011440,13121011410
13121011441,13121011412
13121011442,13121011412
13121011443,13121011425
13121011444,13121011425
13121011445,13121011418
13121011446,13121011418
13121011505,13121011505
13121011507,13121011504
13121011508,13121011504
13121011509,13121011503
13121011510,13121011503
13121011511,13121011503
13121011512,13121011506
13121011513,13121011506
13121011514,13121011504
13121011515,13121011504
13121011612,13121011612
13121011618,13121011618
13121011624,13121011624
13121011627,13121011623
13121011628,13121011625
13121011629,13121011625
13121011630,13121011626
13121011631,13121011622
13121011631,13121011626
13121011632,13121011623
13121011633,13121011623
13121011634,13121011620
13121011635,13121011622
13121011636,13121011619
13121011637,13121011611
13121011637,13121011617
13121011638,13121011617
13121011639,13121011611
13121011639,13121011616
13121011640,13121011616
13121011641,13121011615
13121011642,13121011614
13121011643,13121011614
13121011644,13121011614
13121011645,13121011614
13121011646,13121011611
13121011647,13121011611
13121011648,13121011622
13121011649,13121011622
13121011650,13121011619
13121011651,13121011619
13121011652,13121011621
13121011653,13121011621
13121011654,13121011610
13121011655,13121011610
13121011655,13121011615
13121011656,13121011620
13121011657,13121011620
13121011658,13121011613
13121011659,13121011613
13121011660,13121011615
13121011661,13121011614
13121011661,13121011615
13121011801,13121011800
13121011802,13121001002
13121011802,13121002100
13121011802,13121011800
13121011901,13121003500
13121011901,13121011900
13121011902,13121003200
13121011902,13121011900
13121012000,13121005700
13121012000,13121012000
13121012300,13121012300
13121980000,13121980000
13123080100,13111050400
13123080100,13123080100
13123080200,13111050300
13123080200,13111050400
13123080200,13123080200
13123080301,13123080300
13123080301,13123080500
13123080302,13123080300
13123080401,13123080400
13123080401,13123080500
13123080402,13123080400
13123080403,13123080300
13123080403,13123080400
13123080500,13123080300
13123080500,13123080400
13123080500,13123080500
13125010100,13125010100
13127000101,13127000101
13127000103,13127000102
13127000104,13127000102
13127000104,13127000200
13127000104,13127000900
13127000201,13127000200
13127000202,13127000200
13127000301,13127000101
13127000301,13127000300
13127000302,13127000300
13127000303,13127000300
13127000403,13127000403
13127000403,13127000900
13127000405,13127000404
13127000406,13127000401
13127000407,13127000404
13127000408,13127000404
13127000409,13127000401
13127000409,13127000404
13127000501,13127000501
13127000501,13127000503
13127000501,13127000700
13127000503,13127000403
13127000503,13127000503
13127000504,13127000504
13127000601,13127000401
13127000601,13127000404
13127000601,13127000600
13127000601,13127000700
13127000602,13127000401
13127000602,13127000600
13127000701,13127000700
13127000702,13127000501
13127000702,13127000700
13127000800,13127000800
13127000900,13127000800
13127000900,13127000900
13127001001,13127000900
13127001001,13127001000
13127001002,13127001000
13127001002,13305970600
13127990000,13127990000
13129970101,13129970100
13129970102,13129970100
13129970201,13129970200
13129970201,13129970300
13129970202,13129970200
13129970301,13129970300
13129970302,13129970300
13129970400,13129970400
13129970500,13129970500
13129970601,13129970600
13129970602,13129970600
13129970700,13015960200
13129970700,13129970700
13129970801,13129970600
13129970801,13129970800
13129970802,13129970800
13129970901,13129970900
13129970902,13129970900
13131950100,13131950100
13131950200,13131950200
13131950300,13131950300
13131950401,13131950400
13131950402,13131950400
13131950501,13131950500
13131950502,13131950500
13131950600,13131950600
13133950100,13133950100
13133950200,13133950100
13133950200,13133950200
13133950301,13133950301
13133950302,13133950302
13133950302,13133950303
13133950304,13133950303
13133950305,13133950303
13133950400,13133950400
13133950500,13133950500
13135050105,13135050105
13135050105,13135050106
13135050110,13135050103
13135050111,13135050103
13135050111,13135050105
13135050111,13135050106
13135050111,13135050109
13135050112,13135050103
13135050112,13135050109
13135050113,13135050106
13135050114,13135050105
13135050114,13135050106
13135050115,13135050105
13135050115,13135050106
13135050116,13135050108
13135050117,13135050108
13135050117,13135050109
13135050118,13135050109
13135050119,13135050109
13135050120,13135050107
13135050121,13135050107
13135050205,13135050205
13135050215,13135050215
13135050218,13135050209
13135050218,13135050218
13135050219,13135050219
13135050219,13135050220
13135050221,13135050209
13135050222,13135050209
13135050223,13135050210
13135050223,13135050214
13135050224,13135050210
13135050225,13135050208
13135050226,13135050208
13135050227,13135050220
13135050228,13135050219
13135050228,13135050220
13135050229,13135050211
13135050230,13135050211
13135050231,13135050216
13135050232,13135050216
13135050233,13135050216
13135050234,13135050214
13135050235,13135050214
13135050236,13135050217
13135050237,13135050217
13135050238,13135050217
13135050239,13135050213
13135050240,13135050213
13135050241,13135050213
13135050242,13135050212
13135050243,13135050212
13135050244,13135050210
13135050244,13135050212
13135050306,13135050306
13135050308,13135050308
13135050311,13135050311
13135050315,13135050315
13135050317,13135050317
13135050318,13135050318
13135050321,13135050321
13135050322,13135050322
13135050323,13135050220
13135050323,13135050309
13135050324,13135050309
13135050325,13135050313
13135050326,13135050313
13135050326,13135050319
13135050327,13135050319
13135050328,13135050319
13135050329,13135050320
13135050330,13135050320
13135050331,13135050304
13135050332,13135050304
13135050333,13135050313
13135050333,13135050314
13135050334,13135050314
13135050335,13135050310
13135050336,13135050310
13135050336,13135050311
13135050415,13135050415
13135050415,13135050430
13135050415,13135050723
13135050416,13135050416
13135050416,13135050709
13135050425,13135050425
13135050427,13135050427
13135050427,13135050428
13135050427,13135050712
13135050430,13089021912
13135050430,13135050415
13135050430,13135050429
13135050430,13135050430
13135050433,13089021809
13135050433,13089021814
13135050433,13135050431
13135050433,13135050433
13135050435,13135050435
13135050437,13135050421
13135050438,13135050421
13135050439,13135050423
13135050439,13135050424
13135050440,13135050423
13135050440,13135050424
13135050441,13135050435
13135050441,13135050436
13135050442,13135050435
13135050442,13135050436
13135050443,13135050432
13135050444,13135050432
13135050445,13135050434
13135050446,13135050434
13135050447,13135050422
13135050448,13135050422
13135050449,13135050419
13135050450,13135050419
13135050451,13135050417
13135050452,13135050417
13135050453,13135050424
13135050454,13135050424
13135050455,13135050418
13135050456,13135050417
13135050456,13135050418
13135050457,13135050415
13135050457,13135050429
13135050457,13135050714
13135050458,13135050429
13135050459,13135050410
13135050459,13135050432
13135050460,13135050410
13135050461,13135050428
13135050462,13135050428
13135050463,13089021806
13135050463,13089021809
13135050463,13135050431
13135050464,13089021806
13135050464,13135050431
13135050465,13089021912
13135050465,13135050426
13135050466,13089021912
13135050466,13135050426
13135050520,13135050520
13135050521,13135050521
13135050522,13135050522
13135050526,13135050526
13135050528,13135050528
13135050529,13135050529
13135050530,13135050530
13135050536,13135050536
13135050537,13135050537
13135050539,13135050539
13135050541,13135050541
13135050542,13135050542
13135050549,13135050549
13135050550,13135050531
13135050551,13135050531
13135050552,13135050538
13135050552,13135050540
13135050553,13135050538
13135050554,13135050533
13135050555,13135050533
13135050556,13135050534
13135050557,13135050534
13135050558,13135050535
13135050559,13135050535
13135050560,13135050511
13135050561,13135050215
13135050561,13135050511
13135050561,13135050535
13135050561,13135050537
13135050562,13135050511
13135050562,13135050536
13135050563,13135050523
13135050563,13135050527
13135050564,13135050523
13135050564,13135050540
13135050565,13135050525
13135050566,13135050525
13135050567,13135050532
13135050568,13135050532
13135050569,13135050545
13135050569,13135050546
13135050570,13135050545
13135050571,13135050545
13135050572,13135050527
13135050573,13135050527
13135050574,13135050540
13135050575,13135050540
13135050576,13135050524
13135050577,13135050524
13135050578,13135050523
13135050578,13135050527
13135050578,13135050547
13135050579,13135050528
13135050579,13135050547
13135050579,13135050548
13135050580,13135050543
13135050581,13135050543
13135050582,13135050548
13135050583,13135050548
13135050584,13135050548
13135050585,13135050546
13135050586,13135050546
13135050587,13135050546
13135050588,13135050546
13135050589,13135050544
13135050590,13135050544
13135050591,13135050544
13135050611,13135050208
13135050611,13135050605
13135050612,13135050547
13135050612,13135050605
13135050613,13135050605
13135050614,13135050605
13135050615,13135050609
13135050616,13135050609
13135050617,13135050609
13135050618,13135050610
13135050619,13135050610
13135050620,13135050610
13135050621,13135050610
13135050622,13013180104
13135050622,13013180108
13135050622,13135050608
13135050623,13135050608
13135050624,13135050608
13135050625,13135050608
13135050626,13135050608
13135050627,13135050607
13135050628,13135050607
13135050629,13135050607
13135050630,13135050607
13135050631,13135050105
13135050631,13135050606
13135050632,13135050606
13135050633,13135050605
13135050633,13135050606
13135050634,13135050606
13135050635,13135050606
13135050636,13135050606
13135050715,13135050715
13135050715,13135050725
13135050719,13135050719
13135050719,13135050725
13135050722,13135050722
13135050722,13135050723
13135050722,13135050728
13135050725,13135050725
13135050729,13135050729
13135050732,13135050709
13135050733,13135050709
13135050734,13135050416
13135050734,13135050709
13135050735,13135050731
13135050736,13135050728
13135050736,13135050731
13135050737,13135050728
13135050738,13135050728
13135050739,13135050722
13135050739,13135050728
13135050740,13135050727
13135050741,13135050727
13135050742,13135050727
13135050743,13135050726
13135050744,13135050726
13135050745,13135050724
13135050746,13135050724
13135050747,13135050724
13135050748,13135050724
13135050748,13135050731
13135050749,13135050723
13135050750,13135050415
13135050750,13135050723
13135050751,13135050730
13135050752,13135050730
13135050753,13135050721
13135050754,13135050721
13135050755,13135050721
13135050756,13135050713
13135050757,13135050713
13135050758,13135050720
13135050758,13135050721
13135050759,13135050718
13135050759,13135050720
13135050760,13135050427
13135050760,13135050712
13135050761,13135050712
13135050762,13135050718
13135050763,13135050718
13135050764,13135050415
13135050764,13135050429
13135050764,13135050714
13135050764,13135050723
13135050764,13135050729
13135050765,13135050429
13135050765,13135050714
13137000100,13137000100
13137000201,13137000201
13137000203,13137000202
13137000204,13137000202
13137000300,13137000300
13137000400,13137000400
13137000501,13137000500
13137000502,13137000500
13137000601,13011970100
13137000601,13137000601
13137000603,13137000602
13137000604,13137000602
13139000101,13011970100
13139000101,13011970300
13139000101,13139000101
13139000102,13139000102
13139000203,13139000201
13139000203,13139000203
13139000204,13139000204
13139000205,13139000201
13139000206,13139000201
13139000303,13139000303
13139000304,13139000304
13139000305,13139000305
13139000306,13139000302
13139000306,13139000400
13139000307,13139000302
13139000401,13139000400
13139000401,13139000900
13139000402,13139000400
13139000501,13139000500
13139000502,13139000500
13139000601,13139000600
13139000602,13139000600
13139000702,13139000702
13139000703,13139000701
13139000704,13139000701
13139000800,13139000800
13139000901,13139000900
13139000902,13139000900
13139001004,13139000400
13139001004,13139001004
13139001005,13139001002
13139001006,13139001002
13139001007,13139001003
13139001008,13139001003
13139001101,13139001101
13139001102,13139001102
13139001202,13139001202
13139001203,13139001201
13139001204,13139001201
13139001302,13139001302
13139001303,13139001301
13139001304,13139001301
13139001304,13139001403
13139001402,13139001402
13139001404,13139001404
13139001405,13139001403
13139001406,13139001403
13139001501,13139001501
13139001502,13139001502
13139001603,13139001603
13139001605,13139001605
13139001606,13139001606
13139001607,13139001607
13139001609,13139001604
13139001610,13139001604
13139001611,13139001608
13139001612,13139001608
13141480300,13141480300
13141480300,13141480400
13141480400,13141480300
13141480400,13141480400
13143010100,13143010100
13143010201,13143010200
13143010201,13143010302
13143010202,13143010100
13143010202,13143010200
13143010301,13143010100
13143010301,13143010301
13143010301,13143010302
13143010303,13143010302
13143010304,13143010302
13143010401,13143010400
13143010402,13143010400
13145120198,13145120198
13145120200,13145120200
13145120200,13145120300
13145120301,13145120200
13145120301,13145120300
13145120302,13145120300
13145120401,13145120401
13145120401,13145120402
13145120403,13145120402
13145120403,13215010107
13145120404,13145120402
13147960101,13147960100
13147960101,13147960200
13147960102,13147960100
13147960103,13147960100
13147960103,13147960200
13147960200,13147960200
13147960300,13147960300
13147960401,13147960400
13147960402,13147960400
13147960501,13147960500
13147960502,13147960500
13147960503,13147960500
13149970100,13149970100
13149970200,13149970200
13149970300,13149970300
13151070109,13151070109
13151070113,13151070113
13151070114,13151070114
13151070115,13151070104
13151070116,13151070104
13151070117,13151070110
13151070118,13151070110
13151070119,13151070111
13151070120,13151070111
13151070121,13151070107
13151070122,13151070107
13151070123,13151070104
13151070124,13151070104
13151070125,13151070106
13151070126,13151070106
13151070127,13151070108
13151070128,13151070108
13151070204,13151070204
13151070206,13151070202
13151070207,13151070202
13151070208,13151070202
13151070209,13151070203
13151070210,13151070205
13151070211,13151070205
13151070212,13151070205
13151070213,13151070203
13151070214,13151070203
13151070215,13151070203
13151070216,13151070203
13151070307,13151070307
13151070310,13151070310
13151070312,13151070304
13151070313,13151070305
13151070314,13151070305
13151070315,13151070309
13151070316,13151070309
13151070317,13151070311
13151070318,13151070306
13151070319,13151070306
13151070320,13151070306
13151070321,13151070306
13151070322,13151070311
13151070323,13151070311
13151070324,13151070304
13151070325,13151070304
13151070405,13151070403
13151070406,13151070403
13151070407,13151070403
13151070408,13151070402
13151070409,13151070402
13151070410,13151070402
13151070411,13151070304
13151070411,13151070403
13151070411,13151070404
13151070412,13151070403
13151070412,13151070404
13151070503,13151070501
13151070504,13151070501
13151070505,13151070502
13151070506,13151070502
13151070507,13151070502
13151070508,13151070502
13153020106,13153020106
13153020108,13153020108
13153020110,13153020105
13153020111,13153020105
13153020112,13153020109
13153020113,13153020109
13153020200,13153020200
13153020301,13153020300
13153020302,13153020200
13153020302,13153020300
13153020400,13153020400
13153020600,13153020600
13153020700,13153020700
13153020800,13153020800
13153020900,13153020900
13153021001,13153021000
13153021002,13153021000
13153021108,13153021108
13153021114,13153021103
13153021115,13153021103
13153021115,13153021500
13153021116,13153021104
13153021117,13153021104
13153021118,13153021105
13153021118,13153021107
13153021119,13153021105
13153021120,13153021105
13153021120,13153021107
13153021121,13153021107
13153021122,13153021113
13153021123,13153021113
13153021124,13153021113
13153021125,13153021113
13153021203,13153021201
13153021204,13153021201
13153021205,13153021202
13153021206,13153021202
13153021206,13153021300
13153021300,13153021300
13153021401,13153021400
13153021402,13153021400
13153021402,13153021500
13153021501,13153021103
13153021501,13153021500
13153021502,13153021500
13155950100,13155950100
13155950201,13155950200
13155950202,13155950200
13157010104,13157010101
13157010105,13157010101
13157010106,13157010102
13157010107,13157010102
13157010108,13157010103
13157010109,13157010103
13157010200,13157010200
13157010300,13011970300
13157010300,13011970400
13157010300,13157010300
13157010400,13157010400
13157010500,13157010500
13157010601,13157010600
13157010602,13157010600
13157010701,13157010701
13157010703,13157010703
13157010704,13157010702
13157010705,13157010702
13157010706,13157010702
13159010100,13159010100
13159010200,13159010200
13159010501,13159010500
13159010502,13159010500
13159010503,13159010500
13161960101,13161960100
13161960102,13161960100
13161960102,13161960200
13161960201,13161960200
13161960202,13161960200
13161960300,13161960300
13163960100,13163960100
13163960200,13163960200
13163960300,13163960300
13163960400,13163960400
13165960100,13165960100
13165960200,13165960200
13167960100,13167960100
13167960201,13167960200
13167960202,13167960200
13167960300,13167960300
13169030101,13169030101
13169030103,13169030103
13169030105,13169030104
13169030106,13169030104
13169030200,13169030200
13169030303,13169030302
13169030304,13169030302
13169030305,13169030301
13169030306,13169030301
13171970100,13171970100
13171970201,13171970200
13171970202,13171970200
13171970300,13171970100
13171970300,13171970300
13173950100,13173950100
13173950201,13173950200
13173950202,13173950200
13175950100,13175950100
13175950100,13175950202
13175950100,13175950300
13175950201,13175950201
13175950202,13175950100
13175950202,13175950202
13175950300,13175950100
13175950300,13175950300
13175950300,13175950900
13175950300,13175951000
13175950400,13175950400
13175950500,13175950500
13175950600,13175950600
13175950700,13175950700
13175950800,13175950800
13175950900,13175950300
13175950900,13175950800
13175950900,13175950900
13175951001,13175950800
13175951001,13175951000
13175951001,13175951100
13175951001,13175951400
13175951002,13175950100
13175951002,13175950300
13175951002,13175950800
13175951002,13175950900
13175951002,13175951000
13175951100,13175951000
13175951100,13175951100
13175951400,13175951000
13175951400,13175951400
13177020101,13177020100
13177020102,13177020100
13177020200,13177020200
13177020301,13177020300
13177020302,13177020300
13177020403,13095000400
13177020403,13095010401
13177020403,13177020403
13177020404,13177020402
13177020405,13177020402
13179010101,13179010101
13179010101,13179010103
13179010102,13179010101
13179010102,13179010102
13179010102,13179010206
13179010103,13179010103
13179010202,13179010202
13179010204,13179010204
13179010205,13179010205
13179010206,13179010102
13179010206,13179010205
13179010206,13179010206
13179010207,13179010207
13179010208,13179010204
13179010208,13179010207
13179010208,13179010208
13179010301,13179010300
13179010302,13179010300
13179010302,13179010400
13179010401,13179010400
13179010401,13179010502
13179010402,13179010300
13179010402,13179010400
13179010501,13179010501
13179010501,13179010600
13179010503,13179010502
13179010504,13179010502
13179010600,13179010501
13179010600,13179010600
13179990000,13179990000
13181970100,13181970100
13181970200,13181970200
13183970101,13183970100
13183970101,13183980000
13183970102,13183970100
13183970201,13183970200
13183970202,13183970200
13183980000,13183980000
13185010101,13185010101
13185010102,13185010102
13185010103,13185010103
13185010201,13185010201
13185010203,13185010202
13185010204,13185010202
13185010301,13185010301
13185010302,13185010302
13185010401,13185010401
13185010403,13185010402
13185010404,13185010402
13185010500,13185010500
13185010601,13185010601
13185010604,13185010102
13185010604,13185010604
13185010700,13185010700
13185010801,13185010604
13185010801,13185010800
13185010802,13185010800
13185010900,13185010900
13185011000,13185010500
13185011000,13185011000
13185011100,13185011100
13185011200,13185011200
13185011301,13185011200
13185011301,13185011301
13185011302,13185011301
13185011302,13185011302
13185011401,13185011401
13185011402,13185011402
13185011402,13185011403
13185011404,13185011401
13185011404,13185011403
13185011405,13185011403
13185011500,13185010800
13185011500,13185011402
13185011500,13185011403
13185011500,13185011500
13185011600,13185011403
13185011600,13185011600
13187960103,13187960101
13187960104,13187960101
13187960105,13187960102
13187960105,13187960202
13187960106,13187960102
13187960203,13187960202
13187960203,13291000201
13187960204,13187960102
13187960204,13187960202
13187960205,13187960201
13187960206,13187960201
13189950100,13073030402
13189950100,13189950100
13189950200,13189950200
13189950300,13189950300
13189950401,13189950400
13189950402,13189950400
13189950500,13189950500
13191110101,13191110100
13191110102,13191110100
13191110102,13191110200
13191110103,13191110100
13191110103,13191990000
13191110201,13191110200
13191110202,13191110100
13191110202,13191110200
13191110300,13191110300
13191980000,13191980000
13191990000,13191990000
13193000100,13193000100
13193000200,13193000200
13193000300,13193000300
13193000300,13193000400
13193000400,13193000400
13195020100,13011970400
13195020100,13195020100
13195020200,13195020200
13195020300,13195020300
13195020400,13195020400
13195020400,13195020500
13195020501,13195020500
13195020502,13195020500
13195020600,13195020600
13197920100,13197920100
13197920200,13197920200
13199970501,13199970500
13199970502,13199970500
13199970600,13199970600
13199970701,13199970700
13199970702,13077170802
13199970702,13199970700
13199970702,13199970800
13199970801,13199970700
13199970801,13199970800
13199970802,13199970800
13201950100,13201950100
13201950100,13201950300
13201950200,13201950200
13201950300,13201950200
13201950300,13201950300
13205090100,13205090100
13205090200,13205090200
13205090300,13205090100
13205090300,13205090300
13205090401,13205090400
13205090402,13205090400
13205090501,13205090500
13205090502,13205090500
13207050101,13207050101
13207050101,13207050102
13207050102,13207050101
13207050102,13207050102
13207050200,13207050200
13207050301,13021013409
13207050301,13021013410
13207050301,13021013605
13207050301,13021013606
13207050301,13207050301
13207050302,13207050302
13209950100,13209950100
13209950200,13209950200
13209950300,13209950300
13211010100,13211010100
13211010100,13219030300
13211010200,13211010200
13211010200,13211010300
13211010301,13211010100
13211010301,13211010200
13211010301,13211010300
13211010302,13211010100
13211010302,13211010300
13211010400,13211010400
13211010500,13211010500
13213010100,13213010100
13213010201,13213010201
13213010201,13213010300
13213010203,13213010202
13213010204,13213010202
13213010300,13213010300
13213010300,13213010400
13213010401,13213010400
13213010402,13213010400
13213010500,13213010500
13213010600,13213010600
13213010600,13213010700
13213010700,13213010700
13215000200,13215000200
13215000200,13215010402
13215000300,13215000300
13215000400,13215000400
13215000800,13215000800
13215000900,13215000900
13215001000,13215001000
13215001100,13215001100
13215001200,13215001200
13215001200,13215011200
13215001400,13215001400
13215001600,13215001600
13215001600,13215011400
13215001800,13215001800
13215002000,13215002000
13215002100,13215002100
13215002200,13215002200
13215002300,13215002300
13215002400,13215002400
13215002500,13215002500
13215002700,13215002700
13215002800,13215002000
13215002800,13215002800
13215002901,13215002000
13215002901,13215002901
13215002902,13215002800
13215002902,13215002902
13215003000,13215003000
13215003200,13215003200
13215003301,13215003301
13215003301,13215010802
13215003302,13215003302
13215003400,13215003400
13215003400,13215010801
13215003400,13215011500
13215010106,13215010106
13215010108,13215010104
13215010109,13215010104
13215010110,13215010106
13215010110,13215010107
13215010110,13215010203
13215010111,13215010107
13215010204,13215010204
13215010205,13215010205
13215010206,13215010201
13215010207,13215010201
13215010207,13215010302
13215010208,13215010203
13215010209,13215010203
13215010301,13215010301
13215010303,13215010302
13215010304,13215010302
13215010401,13215010401
13215010402,13215010402
13215010501,13215010501
13215010502,13215010502
13215010502,13215010605
13215010602,13215010602
13215010605,13215010605
13215010606,13215010606
13215010606,13215010802
13215010607,13215010607
13215010608,13215010608
13215010701,13215010701
13215010702,13215010702
13215010704,13215010703
13215010705,13215010703
13215010801,13053020205
13215010801,13215010801
13215010801,13215011500
13215010802,13053020206
13215010802,13215010701
13215010802,13215010702
13215010802,13215010802
13215011100,13215011100
13215011200,13215011100
13215011200,13215011200
13215011400,13215000300
13215011400,13215000400
13215011400,13215001600
13215011400,13215011400
13215011500,13053020203
13215011500,13215002500
13215011500,13215011500
13217100101,13217100100
13217100101,13217100202
13217100102,13217100100
13217100102,13247060102
13217100202,13217100202
13217100203,13217100201
13217100204,13217100201
13217100301,13217100300
13217100302,13217100300
13217100400,13217100400
13217100503,13217100501
13217100504,13217100501
13217100505,13217100501
13217100506,13217100400
13217100506,13217100502
13217100507,13217100502
13217100600,13217100600
13217100701,13217100700
13217100702,13217100700
13217100801,13217100600
13217100801,13217100800
13217100802,13217100800
13217100902,13217100902
13217100903,13217100903
13217100904,13217100901
13217100905,13217100901
13219030101,13219030100
13219030102,13219030100
13219030103,13219030100
13219030104,13219030100
13219030201,13219030200
13219030202,13219030200
13219030300,13219030300
13219030401,13219030400
13219030402,13219030400
13219030500,13219030500
13219030600,13219030500
13219030600,13219030600
13221960100,13221960100
13221960203,13221960201
13221960204,13221960201
13221960205,13221960202
13221960206,13221960202
13221960300,13221960300
13223120104,13223120104
13223120105,13223120101
13223120106,13223120101
13223120107,13223120101
13223120108,13223120102
13223120109,13223120101
13223120109,13223120102
13223120110,13223120101
13223120110,13223120103
13223120111,13223120103
13223120203,13067030238
13223120203,13223120203
13223120205,13223120202
13223120206,13067030234
13223120206,13223120202
13223120207,13223120204
13223120208,13223120204
13223120301,13223120301
13223120303,13223120303
13223120304,13223120302
13223120305,13223120302
13223120306,13223120302
13223120307,13223120302
13223120401,13223120400
13223120402,13223120400
13223120403,13223120400
13223120503,13223120503
13223120504,13223120502
13223120505,13223120502
13223120506,13223120501
13223120507,13223120501
13223120601,13223120601
13223120603,13223120603
13223120604,13223120604
13223120605,13223120605
13223120606,13223120602
13223120607,13223120602
13225040101,13225040101
13225040101,13225040102
13225040103,13225040102
13225040104,13225040102
13225040105,13225040102
13225040200,13225040200
13225040200,13225040301
13225040200,13225040400
13225040301,13225040301
13225040302,13225040302
13225040400,13225040400
13227050101,13227050100
13227050102,13227050100
13227050201,13227050200
13227050202,13227050200
13227050300,13227050300
13227050400,13227050400
13227050400,13227050500
13227050500,13227050500
13227050500,13227050600
13227050601,13227050600
13227050602,13227050600
13229960100,13229960100
13229960100,13229960400
13229960200,13229960200
13229960301,13229960300
13229960302,13229960300
13229960401,13229960400
13229960402,13229960400
13231010101,13231010100
13231010102,13231010100
13231010200,13231010200
13231010300,13231010300
13231010400,13231010100
13231010400,13231010400
13233010100,13233010100
13233010201,13233010200
13233010201,13233010500
13233010202,13233010200
13233010300,13233010300
13233010300,13233010400
13233010400,13233010400
13233010500,13233010200
13233010500,13233010500
13233010600,13233010100
13233010600,13233010600
13233010700,13233010600
13233010700,13233010700
13235950100,13235950100
13235950201,13235950200
13235950202,13235950200
13235950300,13235950300
13237960101,13237960101
13237960103,13237960102
13237960104,13237960102
13237960201,13237960102
13237960201,13237960201
13237960203,13237960202
13237960204,13237960202
13237960204,13237960300
13237960301,13237960300
13237960302,13237960300
13239960300,13239960300
13241970101,13241970100
13241970102,13241970100
13241970103,13241970100
13241970201,13241970201
13241970202,13241970202
13241970302,13241970301
13241970302,13241970302
13241970303,13241970301
13241970303,13241970302
13241970304,13241970301
13241970304,13241970302
13243790100,13243790100
13243790200,13243790200
13245000100,13245000100
13245000100,13245000200
13245000200,13245000100
13245000200,13245000200
13245000300,13245000200
13245000300,13245000300
13245000600,13245000600
13245000700,13245000700
13245000700,13245011000
13245001000,13245001000
13245001100,13245001100
13245001200,13245001100
13245001200,13245001200
13245001300,13245001300
13245001400,13245001400
13245001602,13245001602
13245001603,13245001601
13245001604,13245001601
13245001604,13245001602
13245010101,13245000100
13245010101,13245000200
13245010101,13245010101
13245010101,13245010104
13245010101,13245010106
13245010101,13245010107
13245010104,13245010101
13245010104,13245010104
13245010104,13245010106
13245010105,13245010105
13245010105,13245010107
13245010107,13245010107
13245010108,13245010106
13245010109,13245010106
13245010201,13245001602
13245010201,13245010201
13245010203,13245010203
13245010205,13245010204
13245010206,13245010204
13245010207,13073030506
13245010207,13245010204
13245010207,13245010800
13245010208,13245010204
13245010208,13245010504
13245010300,13245010300
13245010300,13245010400
13245010400,13245010400
13245010506,13245010506
13245010506,13245010508
13245010507,13245010300
13245010507,13245010400
13245010507,13245010506
13245010507,13245010507
13245010507,13245010508
13245010508,13245010508
13245010509,13245010509
13245010510,13245010510
13245010511,13245010511
13245010512,13245010506
13245010512,13245010507
13245010512,13245010512
13245010513,13245010506
13245010513,13245010513
13245010514,13245010204
13245010514,13245010504
13245010514,13245010512
13245010515,13245010504
13245010601,13245010600
13245010602,13245010600
13245010706,13245010706
13245010706,13245010906
13245010707,13245010707
13245010707,13245010800
13245010708,13245010708
13245010709,13245010709
13245010710,13245010710
13245010711,13245010711
13245010711,13245010800
13245010711,13245010904
13245010713,13245010712
13245010714,13245010711
13245010714,13245010712
13245010801,13245010504
13245010801,13245010707
13245010801,13245010800
13245010802,13245010204
13245010802,13245010711
13245010802,13245010800
13245010802,13245010903
13245010802,13245010904
13245010903,13245010800
13245010903,13245010903
13245010904,13245010903
13245010904,13245010904
13245010905,13245010905
13245010905,13245010906
13245010907,13245010903
13245010907,13245010904
13245010907,13245010906
13245010908,13245010906
13245011000,13245001000
13245011000,13245011000
13245011100,13245000900
13245011100,13245001500
13247060101,13247060101
13247060101,13247060201
13247060101,13247060309
13247060103,13247060102
13247060104,13217100100
13247060104,13247060102
13247060104,13247060305
13247060104,13247060308
13247060201,13247060101
13247060201,13247060201
13247060203,13247060201
13247060203,13247060202
13247060204,13247060202
13247060305,13247060102
13247060305,13247060305
13247060306,13247060102
13247060306,13247060306
13247060310,13247060201
13247060310,13247060304
13247060311,13247060304
13247060312,13247060307
13247060313,13247060307
13247060314,13247060307
13247060315,13247060102
13247060315,13247060308
13247060316,13247060308
13247060317,13247060101
13247060317,13247060309
13247060318,13247060309
13247060403,13247060403
13247060406,13247060406
13247060407,13247060407
13247060408,13247060405
13247060409,13247060405
13247060410,13247060404
13247060411,13247060404
13249960100,13249960100
13249960200,13249960200
13251970200,13251970200
13251970300,13251970300
13251970401,13251970400
13251970402,13251970300
13251970402,13251970400
13251970500,13251970500
13251970600,13251970500
13251970600,13251970600
13253200100,13253200100
13253200100,13253200300
13253200200,13253200200
13253200300,13253200100
13253200300,13253200300
13255160101,13255160100
13255160102,13255160100
13255160201,13255160200
13255160202,13255160200
13255160300,13255160300
13255160401,13255160400
13255160402,13255160400
13255160402,13255160800
13255160500,13255160300
13255160500,13255160500
13255160600,13255160600
13255160701,13255160700
13255160702,13255160700
13255160800,13255160400
13255160800,13255160800
13255160900,13255160900
13255161000,13255161000
13255161100,13255160900
13255161100,13255161100
13255161201,13255161200
13255161202,13255161200
13257970101,13257970100
13257970102,13257970100
13257970201,13257970200
13257970202,13257970200
13257970301,13257970301
13257970302,13257970200
13257970302,13257970302
13257970401,13257970302
13257970401,13257970400
13257970402,13257970200
13257970402,13257970400
13259950100,13259950100
13259950400,13259950400
13261950100,13261950100
13261950200,13261950100
13261950200,13261950200
13261950300,13261950300
13261950400,13261950400
13261950500,13261950500
13261950600,13261950600
13261950700,13261950700
13261950800,13261950800
13263960100,13263960100
13263960200,13263960200
13263960300,13263960300
13265010200,13265010200
13267950100,13267950100
13267950202,13267950201
13267950202,13267950202
13267950203,13267950201
13267950204,13267950201
13267950300,13267950300
13267950401,13267950400
13267950402,13267950400
13269950100,13269950100
13269950200,13269950200
13269950301,13269950300
13269950302,13269950300
13271950101,13271950100
13271950102,13271950100
13271950103,13271950100
13271950200,13271950200
13271950500,13271950500
13273120200,13273120200
13273120300,13273120300
13273120400,13273120400
13273120500,13273120500
13275960100,13275960100
13275960200,13275960200
13275960300,13275960300
13275960400,13275960400
13275960501,13275960500
13275960501,13275960700
13275960502,13275960500
13275960601,13275960600
13275960602,13275960600
13275960701,13275960700
13275960702,13275960700
13275960800,13275960800
13275960900,13275960900
13275961000,13275961000
13275961100,13275961000
13275961100,13275961100
13277960100,13277960100
13277960100,13277960200
13277960200,13277960100
13277960200,13277960200
13277960301,13277960300
13277960302,13277960300
13277960401,13277960400
13277960402,13277960400
13277960500,13277960500
13277960500,13277960600
13277960500,13277960900
13277960601,13277960600
13277960602,13277960600
13277960700,13277960200
13277960700,13277960700
13277960700,13277960800
13277960800,13277960800
13277960900,13277960700
13277960900,13277960800
13277960900,13277960900
13279970101,13279970100
13279970102,13279970100
13279970201,13279970200
13279970202,13279970200
13279970202,13279970400
13279970301,13279970300
13279970302,13279970300
13279970400,13279970400
13279970500,13279970300
13279970500,13279970500
13279970600,13279970600
13281960100,13281960100
13281960100,13291000205
13281960200,13281960200
13281960301,13281960300
13281960302,13281960300
13283960100,13283960100
13283960200,13283960100
13283960200,13283960200
13285960101,13285960100
13285960102,13285960100
13285960201,13285960201
13285960201,13285960400
13285960202,13285960202
13285960300,13285960300
13285960401,13285960201
13285960401,13285960400
13285960402,13285960400
13285960501,13285960501
13285960503,13285960502
13285960504,13285960502
13285960600,13285960600
13285960700,13285960700
13285960800,13285960800
13285960800,13285960901
13285960901,13285960901
13285960903,13285960902
13285960904,13285960902
13285961000,13285961000
13285961100,13285960700
13285961100,13285961100
13287970201,13287970200
13287970202,13287970200
13287970300,13287970300
13289060101,13289060100
13289060102,13289060100
13289060200,13289060100
13289060200,13289060200
13291000101,13291000101
13291000101,13291000102
13291000103,13291000101
13291000103,13291000102
13291000104,13291000102
13291000201,13291000201
13291000201,13291000203
13291000203,13291000203
13291000203,13291000205
13291000204,13291000204
13291000204,13291000205
13291000206,13291000102
13291000206,13291000205
13291000207,13291000205
13293010100,13293010100
13293010201,13293010201
13293010202,13293010202
13293010300,13293010300
13293010401,13293010400
13293010402,13293010400
13293010402,13293010500
13293010500,13293010400
13293010500,13293010500
13293010600,13293010600
13295020101,13295020100
13295020102,13295020100
13295020102,13295020501
13295020200,13295020200
13295020301,13295020301
13295020301,13295020302
13295020302,13295020302
13295020400,13295020400
13295020503,13295020100
13295020503,13295020501
13295020504,13295020501
13295020505,13295020502
13295020506,13295020502
13295020601,13295020601
13295020602,13295020602
13295020602,13295020700
13295020701,13295020700
13295020702,13295020700
13295020800,13295020800
13295020800,13295020901
13295020902,13295020902
13295020903,13295020901
13295020904,13295020901
13297110101,13297110100
13297110102,13297110100
13297110200,13297110200
13297110200,13297110300
13297110301,13297110300
13297110302,13297110300
13297110400,13297110400
13297110503,13297110503
13297110504,13297110504
13297110505,13297110505
13297110506,13297110506
13297110508,13297110508
13297110509,13297110507
13297110510,13297110507
13297110601,13297110601
13297110602,13297110602
13297110603,13297110603
13297110701,13297110700
13297110702,13297110700
13297110801,13297110800
13297110802,13297110800
13299950100,13299950100
13299950200,13299950200
13299950300,13299950300
13299950300,13299950400
13299950400,13299950300
13299950400,13299950400
13299950500,13299950300
13299950500,13299950500
13299950600,13299950600
13299950700,13299950700
13299950700,13299950900
13299950801,13299950800
13299950801,13299950900
13299950802,13299950300
13299950802,13299950800
13299950900,13299950600
13299950900,13299950800
13299950900,13299950900
13301970400,13301970400
13301970500,13301970500
13303950100,13303950100
13303950300,13303950300
13303950400,13303950400
13303950500,13303950400
13303950500,13303950500
13303950500,13303950700
13303950700,13303950700
13305970100,13305970100
13305970201,13305970200
13305970202,13305970200
13305970300,13305970300
13305970300,13305970500
13305970400,13305970400
13305970500,13305970500
13305970600,13305970600
13307960100,13197920200
13307960100,13307960100
13307960100,13307960200
13307960200,13307960100
13307960200,13307960200
13309780100,13309780100
13309780200,13309780200
13311950101,13311950100
13311950102,13311950100
13311950202,13311950201
13311950202,13311950202
13311950204,13311950201
13311950204,13311950203
13311950205,13311950201
13311950205,13311950203
13311950206,13311950201
13311950206,13311950202
13311950206,13311950203
13311950207,13311950201
13311950301,13311950201
13311950301,13311950300
13311950302,13311950300
13313000101,13313000101
13313000103,13313000102
13313000104,13313000102
13313000200,13313000200
13313000301,13313000301
13313000303,13313000302
13313000304,13313000102
13313000304,13313000302
13313000401,13313000400
13313000402,13313000400
13313000501,13313000302
13313000501,13313000501
13313000502,13313000502
13313000600,13313000600
13313000700,13313000600
13313000700,13313000700
13313000801,13313000800
13313000802,13313000800
13313000900,13313000900
13313001000,13313001000
13313001100,13313001100
13313001200,13313001200
13313001200,13313001300
13313001300,13313001300
13313001400,13313001400
13313001500,13313001200
13313001500,13313001500
13315960100,13315960100
13315960200,13315960200
13315960300,13315960300
13315960400,13315960400
13317010101,13317010101
13317010102,13317010102
13317010301,13317010301
13317010302,13317010302
13319960200,13319960200
13319960300,13319960200
13319960300,13319960300
13319960400,13319960400
13321950100,13321950100
13321950201,13321950200
13321950202,13321950200
